{
  "annualized_volatility": 969.0468118610261,
  "n_points": 500,
  "realized_volatility": 0.172560525082229
}