bucket,outcome,volume_tokens,volume_notional_usdc
1970-01-01 00:00:00+00:00,UNKNOWN,28186.691656,18306.318857000002
